{
    "accuracy": 0.963669391462307,
    "precision": 1.0,
    "recall": 0.7435897435897436
}
